birth_rate,co2_ppm,death_rate,food_kcal_per_capita,food_per_capita_index,food_production_index,gdp_per_capita,life_expectancy,mean_years_schooling,plastic_production,pollution_composite,population,year
,,,,,,,,0.46026796,,,,1870
,,,,,,,,0.5161778,,,,1875
,,,,,,,,0.5989987,,,,1880
,,,,,,,,0.6794388,,,,1885
,,,,,,,,0.78066266,,,,1890
,,,,,,,,0.8785696,,,,1895
,,,,,,,,1.00808,,,,1900
,,,,,,,,1.1512768,,,,1905
,,,,,,,,1.2853836,,,,1910
,,,,,,,,1.4412706,,,,1915
,,,,,,,,1.6373215,,,,1920
,,,,,,,,1.8281308,,,,1925
,,,,,,,,2.018216,,,,1930
,,,,,,,,2.2034733,,,,1935
,,,,,,,,2.6039193,,,,1940
,,,,,,,,2.8062007,,,,1945
,,,,,,,,3.0336335,2000000.0,,,1950
,,,,,,,,,2000000.0,,,1951
,,,,,,,,,2000000.0,,,1952
,,,,,,,,,3000000.0,,,1953
,,,,,,,,,3000000.0,,,1954
,,,,,,,,3.250855,4000000.0,,,1955
,,,,,,,,,5000000.0,,,1956
,,,,,,,,,5000000.0,,,1957
,,,,,,,,,6000000.0,,,1958
,315.98,,,,,,,,7000000.0,0.5851080815524441,,1959
31.9992347613353,316.91,17.2114690145631,,,,3666.59082061073,50.9418860745353,3.5115314,8000000.0,0.6008215777099344,3021512598.0,1960
31.2341888501891,317.64,14.5595576375874,2183.74,15.501971020734752,12.8998217396646,3758.77250262805,52.7972306837695,,9000000.0,0.6162280240025265,3062768116.0,1961
35.1632445830402,318.45,13.5844076991565,2229.9001,15.554735639024592,13.174494534538,3889.44169880341,55.2860734026534,,11000000.0,0.6460430045267922,3117372187.0,1962
36.3474563845187,318.99,13.4290583745492,2233.9036,15.940375220365206,13.789955658133,3999.11737367727,55.6522285444853,,13000000.0,0.6754434677334457,3184063049.0,1963
35.1867781359517,319.62,13.5207745082276,2260.0144,15.29447604344377,13.510395637927,4176.12872214355,56.096712233261,,15000000.0,0.7049821033793031,3251249170.0,1964
34.5166542843224,320.04,13.3335741537579,2279.4038,15.12129859780982,13.6357392694334,4321.26359482416,55.9265080057019,3.8569107,17000000.0,0.7341983366670176,3318979339.0,1965
33.4763662664044,321.37,12.9112358062149,2295.2974,15.04770868659364,13.8559334144675,4461.25201113523,56.44915720267,,20000000.0,0.7790973611257326,3389042165.0,1966
33.1903180507836,322.18,12.6247916884605,2299.2615,16.315937943647274,15.3337086006077,4534.50435177488,56.9040239437714,,23000000.0,0.8231980559357126,3458932230.0,1967
33.3167956338247,323.05,12.3867097754531,2303.4976,15.228934692045026,14.6087632414392,4706.69204485463,57.3357035221963,,27000000.0,0.8816765799908762,3530576858.0,1968
32.8206532186312,324.62,12.225682171321,2312.3752,15.932389498917638,15.6043841743869,4884.72781217999,57.6804599932799,,32000000.0,0.9555154928588974,3604694154.0,1969
32.5683883067216,325.68,12.0848966381614,2357.6013,16.2025618414641,16.2025618414641,4964.2668816199,57.9372947120442,4.3155894,35000000.0,1.0,3680493750.0,1970
31.8386630222275,326.32,12.224112512585,2334.1072,16.287340688956313,16.6326146693805,5060.96177798072,58.0247486866482,,38000000.0,1.0438397024248167,3758515396.0,1971
31.3785214258942,327.46,11.7418299517283,2321.8433,16.19211986613002,16.8689885523651,5235.59521801848,58.8444152506983,,44000000.0,1.1313041723690214,3834345191.0,1972
30.743811739418,329.68,11.4712149095013,2358.5105,16.295152862305347,17.3155594386797,5464.50235085175,59.2963752109716,,51000000.0,1.2347124258693896,3910964219.0,1973
29.8916994956859,330.19,11.3992426294035,2350.712,17.125727159088267,18.5528219593025,5466.80512033489,59.6998625917946,,,1.23549540302488,3987186772.0,1974
29.2261787061019,331.13,11.3308871905634,2366.0088,17.236370503773706,19.0228672545282,5409.8779133443,60.1307923083887,4.7661443,46000000.0,1.1655099659613293,4061959945.0,1975
28.4282781400367,332.03,11.1729431503101,2359.5437,17.326840222911603,19.4696084049762,5590.91891521715,60.454259510654,,54000000.0,1.281177404639085,4135644231.0,1976
28.0436721161037,333.84,10.8910909237376,2388.1965,17.924277645222016,20.4974109518379,5710.21713028289,61.0414812816423,,59000000.0,1.3553847773449836,4208840894.0,1977
27.7823569893686,335.41,10.6505395230646,2446.153,18.03683266265064,20.9910772433422,5843.07195676427,61.394384620536,,64000000.0,1.4292236902130049,4283309396.0,1978
27.7050360256352,336.84,10.4085535983903,2444.2083,17.610041220543245,20.8610013252657,5978.08804044549,61.8410145342921,,71000000.0,1.531419096747026,4359930896.0,1979
27.7821057757357,338.76,10.3749140250602,2456.6252,18.051194113771754,21.7639161079791,5980.2496636777,62.1515000723228,5.310849,70000000.0,1.520081061164333,4437473406.0,1980
28.2485692012689,340.12,10.2220052297345,2465.9656,19.471673464434097,23.8962054060644,5986.16541634047,62.516815469465,,72000000.0,1.5507404288170683,4516792587.0,1981
28.4684444973869,341.48,10.140368026198,2493.4866,17.51108466813599,21.883160575338,5902.83631107186,62.8744224934289,,73000000.0,1.5671140821840897,4599385851.0,1982
27.8910021630478,343.15,10.1856056955701,2535.4656,17.66326487894136,22.4735050493695,5947.17196185161,63.1315027470635,,80000000.0,1.6696779485559883,4682734714.0,1983
27.6430630414806,344.87,10.0620538788985,2544.1062,16.20800271021207,20.9879432761774,6119.78747000196,63.4358699774594,,86000000.0,1.7580328631083975,4765813206.0,1984
27.6367912462,346.35,9.94586773412986,2547.0808,18.19007272666124,23.9731539253935,6233.01620995706,63.7253727049054,5.7433367,90000000.0,1.8174478892515002,4850494238.0,1985
27.7174572618118,347.61,9.76399796933442,2549.1733,17.65982562029976,23.691622205613,6325.60696795708,64.1164876670747,,96000000.0,1.9050965891146436,4937459951.0,1986
27.6106134888578,349.31,9.5701372786006,2566.8206,16.400773311399377,22.4005405143021,6446.30334343936,64.4576806100147,,104000000.0,2.0219922272519915,5026770385.0,1987
27.1502497969658,351.69,9.5101632612686,2583.6492,18.106347063928137,25.1734710563749,6619.58069394832,64.6663839423644,,110000000.0,2.111360406358564,5116898810.0,1988
26.6685440700776,353.2,9.32956180526877,2594.0737,16.11789799792375,22.8051675730017,6741.21559672441,64.9575716318237,,114000000.0,2.1708214899814013,5207378374.0,1989
26.257972001557,354.45,9.30360763774567,2579.3457,15.71046333128699,22.6196461602765,6804.1256624154,65.1085564186251,6.174556,120000000.0,2.2584548373513,5298962018.0,1990
25.6371685712368,355.7,9.269381150261,2557.8862,17.685042536031272,25.8914493984506,6773.41556784101,65.3038759534727,,124000000.0,2.31751675614977,5388203305.0,1991
24.9555977893854,356.54,9.17137131326227,2565.3564,19.309604052305986,28.734828538527,6801.30548790075,65.5476873001237,,132000000.0,2.4330920798680564,5476822930.0,1992
24.5636099110326,357.21,9.15559784842428,2566.9763,26.061690768910353,39.4033503455003,6818.5696934514,65.742736646679,,137000000.0,2.505549268344036,5564459142.0,1993
24.189376308348,358.96,9.1948255798405,2588.2222,28.860401162108182,44.309725326929,6944.09107891381,65.9586214931772,,151000000.0,2.708235954661894,5650534421.0,1994
23.7861293039246,360.97,8.99425886094727,2610.1233,28.990651042486498,45.1843516386507,7057.77278518959,66.2008974348323,6.7308083,156000000.0,2.7827503772326914,5736205135.0,1995
23.4723691933467,362.74,8.89072234091914,2617.7515,30.665521744276777,48.5122118415729,7202.73987066597,66.5154326237584,,168000000.0,2.9568963399656103,5822327903.0,1996
23.133464827822,363.88,8.77085870899186,2628.8784,30.818473182546,49.4730370441813,7381.77119872805,66.8309307807022,,180000000.0,3.130075095624101,5908180322.0,1997
22.7077414285028,366.84,8.71200326501635,2639.7783,32.032276904098225,52.1663105434545,7478.78410824619,67.0666353847454,,188000000.0,3.248905147910306,5993730786.0,1998
22.2990605362588,368.54,8.62944990013822,2650.6294,32.18969364558646,53.160505307659,7638.92854068848,67.3121942863677,,202000000.0,3.45151507176194,6078069822.0,1999
22.0781645859669,369.71,8.51155625493986,2659.2173,49.7150178218588,83.2307572102514,7879.61788990331,67.6504778738489,7.2817993,213000000.0,3.6104541706144504,6161528496.0,2000
21.7494520252499,371.32,8.42822044229306,2653.9727,52.98674251708661,89.9063126838048,7932.44247045676,67.9451852910729,,218000000.0,3.6843544934554515,6244739668.0,2001
21.4172549178767,373.45,8.36112377457594,2653.9026,53.32806848015866,91.6800028909521,8010.64724039979,68.2313680755001,,231000000.0,3.873338860230901,6327171255.0,2002
21.1410477264066,375.98,8.28914591000193,2657.9585,56.617203850035786,98.5989315593243,8151.0370050525,68.5157832704694,,241000000.0,4.020080183879005,6409352386.0,2003
20.9562611035512,377.7,8.19365280168498,2666.9324,55.25656640996689,97.475746974402,8408.56458732623,68.7710985282211,,256000000.0,4.237006527002842,6492354627.0,2004
20.7890354131665,379.98,8.13871868031213,2677.8682,56.124355775630235,100.273315954213,8639.35934743695,69.111445965915,7.7389355,263000000.0,4.34050689546268,6575410029.0,2005
20.6401431424526,382.09,8.06363735436202,2692.6128,55.95412198187187,101.248241055207,8913.15666856363,69.4690022328376,,280000000.0,4.586603414394498,6659536021.0,2006
20.5675446403868,384.02,8.00540469125587,2716.6968,54.86976989358513,100.546020446261,9191.47419679425,69.8049778312625,,295000000.0,4.803852159876478,6744049498.0,2007
20.5217687916344,385.83,7.98417519737266,2730.8528,54.4956351118694,101.134130707336,9265.52655477352,70.0043236169628,,281000000.0,4.606630961153805,6830080867.0,2008
20.3616266075474,387.64,7.90098593890559,2727.4556,54.693976435951114,102.781309595421,9028.22055162901,70.3803491247646,,288000000.0,4.709409762431132,6916168196.0,2009
20.1885832819796,390.1,7.81971464630986,2795.7551,52.318978679964864,99.5218775961412,9322.21791578106,70.6826307784169,8.149967,313000000.0,5.0703293329122365,7000860073.0,2010
20.3011656278547,391.85,7.76162151146208,2815.414,54.33782692205818,104.629638646154,9514.51951048996,70.9688028224075,,325000000.0,5.2444445906586665,7086704141.0,2011
20.414916627937,394.06,7.6891465005044,2834.6226,50.91450239023844,99.2802439027365,9653.62748273357,71.2645542969028,,338000000.0,5.4335517773800746,7176482165.0,2012
19.8668046345892,396.74,7.62677448242537,2840.0308,50.305991148496425,99.3096243211581,9811.02619687608,71.5334887297047,,352000000.0,5.637666245569709,7265404737.0,2013
19.7723329388298,398.81,7.58282331702091,2870.563,49.709426742834395,99.3228261915629,10000.5832738734,71.7763867362613,,367000000.0,5.855129925957119,7353532223.0,2014
19.2532782409723,401.01,7.58281572695444,2872.376,49.45913152391643,100.0,10191.9752512662,71.9656376386893,8.478128,381000000.0,6.058507474470997,7441084771.0,2015
19.2927308989728,404.41,7.53742665553239,2879.356,48.88627594453546,100.0,10355.0449873521,72.1858228976022,,400050000.0,6.335870179317121,7528221579.0,2016
18.7566124259413,406.76,7.52649450759098,2905.1902,48.3364335076619,100.0,10591.5550846784,72.3662967648278,,420052500.0,6.625228015229673,7613788655.0,2017
18.1942556091008,408.72,7.4939220648592,2910.209,47.81703623973203,100.0,10822.5745320636,72.6442408544831,,441055125.0,6.928274603905675,7696159728.0,2018
17.8038301007604,411.65,7.46946655243651,2931.7092,47.32045468634098,100.0,10996.909518407,72.869911203356,,459746016.0,7.199785612997859,7777162476.0,2019
17.149689935117,414.21,8.0128021370251,2942.5283,46.85814040528715,100.0,10575.2194883029,72.1832040176208,8.840671,,7.203715851268554,7853863139.0,2020
16.8444321573952,416.41,8.71376672373529,2964.7986,,,11167.6044923385,71.2160780260296,,,7.207093399782433,7919567995.0,2021
16.5587916024691,418.53,7.70966159942046,2987.4412,,,11452.0202124616,72.9689585478052,,,7.210348128350352,7988550201.0,2022
16.333620344969,421.08,7.58905193782761,3005.6204,,,11670.8224680822,73.3302230276374,,,7.214263014127803,8062923417.0,2023
16.2730070969907,424.61,7.55065418868632,,,,11894.2521505051,73.4818184164654,,,7.2196824442432534,8140897523.0,2024
,427.35,,,,,12130.6633214662,,,,7.223889027392357,8215424893.0,2025
